,subreddit,title_cleaned
3491,0,elon musk ha public mental breakdown
211,1,the bitter vend
3409,0,least they wont get that flu
1498,1,three fingered class trip washington
3590,0,family become billionaire creating fentanyl cause death among adult age
205,1,brit shoving beer bottle and toothbrush rectum cost nh 350k year
149,1,mcdonalds mayhem fast food death the rise source japan
2456,0,friend bragged about murder snapchat
3865,0,dozen feral hog invade southeast texas neighborhood
2212,0,bbc brings dershowitz all people analyze ghislaine maxwell guilty verdict
1006,1,irish american gear for the reinforcin the stereotype
3596,0,installieren sie den cryptotab browser und verdienen sie zustzlich geld indem sie ihn ganz normal verwenden whrend sie wie blich youtube video aufrufen die nachrichten lesen oder soziale netzwerke nutzen knnen sie echte bitcoins verdienen
179,1,texas ban access tall staircase case woman with unwanted pregnancy get any idea
109,1,teary eyed prince andrew reveals ghislaine maxwell groomed him have sex with dozen teen
3952,0,italian bishop give child harsh news there santa claus
567,1,bat wielding jim jordan burst through capitol window demanding allowed onto january committee
3936,0,lil cease biggie wrote all rap only started writing after died
2292,0,the book boba fett watch party episode calling all mandalorian fan the spinoff you have been waiting for finally here
3782,0,walking from your bed home office now count commuting germany
605,1,content diabetes pastelink net
1444,1,this this make laugh and strap gas mask just case
807,1,neighborhood rally designate pothole historic landmark
3414,0,biden administration revers trump rule allowing more powerful shower head
2647,0,resident rich montgomery county neighborhood provide helpful list place where cheaper home can
1320,1,baboon couple sue national geographic for distributing private sex tape
1552,1,trump say only us mexican fetal cell for regeneron treatment
32,1,man natural instinct fear the unfamiliar overcome promise great barbecue taste
33,1,finnish man pass paying 600 replace his tesla battery blow car instead
3549,0,big booty step mom savannah bond fool her step son for sex
721,1,badum tss
2424,0,online troll also jerk real life aarhus university study
2866,0,siriusxm sued for failing provide podcast transcript for deaf user
3536,0,stan lee spiderman costume short sad thought deep showerthought
2425,0,plant that sterilizes medical equipment spews cancer causing pollution ten thousand schoolchildren
599,1, strapped for content here instruction how bake your nintendo switch into apple pie
490,1,onlyfans ceo admits decision ban pornography wa made shame filled moment after orgasm
2499,0,study cat may legitimately psychopath
1878,1,brazil president bolsonaro called his coronavirus quarantine horrible and wa later bitten bird
270,1,paid leave struck down people who combined hour work annually
3198,0,man murder friend year over diablo argument
1044,1,nave detective suspect fair play
3497,0,kamala harris interview with charlamagne tha god get heated after asks who real president
2392,0,germany move legalize cannabis second country after malta europe
3837,0,biden discus federal recovery effort tornado ravaged kentucky
2334,0,maskless woman attack year old man flight for eating without mask
1117,1,andrew yang leading nyc mayoral race after flipping off resident and telling them suck his dick
1292,1,bring some holiday cheer you son bitch say woman slamming christmas tree against wall
3544,0,portland plan use traffic barrel curb gun violence isn working data suggests
461,1,mta return rider fare after unsatisfactory subway experience
318,1,bisexual superman ruin comic for fan who preferred smoldering homoerotic undertone
2453,0,one asked for lickable and yet
1289,1,come home for christmas now  whisper dad enraged mom rip stove dishwasher from wall
3720,0,top country star share lineup with kyle rittenhouse americafest
298,1,pizza delivery driver sixth grandmother dy
93,1,army receives yard penalty for drone striking the kicker
2404,0,omicron surge official shorten isolation time for many american
2886,0,sri lanka plan pay off iran oil debt with tea
23,1,perverted clown mount funhouse mirror ceiling above bed
3991,0,cuomo torched mob bos sammy the bull gravano over nursing home scandal would never that
2761,0,dog notice when computer animation violate newton law physic
2121,0,capital hospital islamabad job 2022 for medical officer nurse specialist doctor office attendant ward boy aya sanitary worker security guard others latest
1360,1,000 subscriber plaque unboxing gunpoint
2758,0,smoking dead scorpion latest dangerous addiction
1052,1,get your free skin with code free100cc
2023,0,2021 pulling out all the trick fish rain from the sky rare phenomenon texas
408,1,are violent video game preparing kid for the apocalypse
315,1,mueller suddenly piece together solution russia collusion case while watering plant
1235,1, been selfish and arrogant and apologize  say content mentally healthy trump minute after social medium ban
156,1,nottheonion mod are totally not pent butt hurt little child who are power trip
2561,0,opinion would the cover shooting down santa sleigh
676,1,conservative man tearfully informs family critical race theory ha spread his liver
2813,0,sick child quarantining for over year gifted incredible long range kit
2437,0,new covid rule announced england monday
1017,1,the 63rd annual grammy award recap
2722,0,hawai will not participate easypost hawai bowl university hawai manoa athletics
2585,0,least child abused child care center staffer
2760,0,for profit company trying privatize many public library they can
2003,0,mcdonald blocked from building drive through rome ancient bath caracalla
2014,0,betty white secret long happy healthy life hint came from her mom
937,1,colorado temporarily ban marijuana for statewide tolerance break
551,1,wedding assures anxious man hasn forgotten build buttercup request
2586,0,intel apologizes for banning use component from xinjiang ar technica
325,1,man who posted  can all get through this together kicked off social medium for spreading covid hoax
3702,0,what gov desantis stop woke act could mean for school
44,1,woman annoyed mother suggestion consider freezing her leftover
976,1,matt gaetz claim sex trafficking allegation stem from powerful enemy bassman geometry class
810,1,delhi minister seek cancellation singapore flight claim singapore variant may cause india third wave
568,1,richest billionaire the world and how they avoid paying tax
2031,0,bok job 2022  latest job 2022
366,1,wallace shawn emerges frontrunner replace daniel craig james bond
2428,0,leopard carry off poor dog gore and video article did search and saw posting already
2241,0,you steal something you must report income irs say wait what
56,1,manchin say will not vote for build back better act
2784,0,showman win national census recognition
1293,1,thank you much for this masterpiece the level granularity steve bannon daily schedule the email chain analysis djt phobia lighthouse exemplary and deserves recognition
1860,1,who said kanye west instruction manual for the cuisinart crc 400 electric rice cooker
2708,0,texas board withdraws pardon recommendation for george floyd
3931,0,elementary school spark outrage with family color playground night
2345,0,madison police seek help finding suspected crab bandit
1588,1,virtual tour the oge conference
2763,0,army charity gift hamper bring joy veteran and their family
3838,0,intergalactic creature blothar the destroyer appears fox news share his thought about current affair
2836,0,trump say very tough for him criticize biden now because praised operation warp speed success
2891,0,onlyfans model astrid wett show once again her
1805,1,egypt tell elon musk it pyramid were not built alien
2957,0,fox host call for kill shot fauci
2567,0,man call 911 report rcmp seized his vehicle stranding him princeton
1113,1,seems sensible
2348,0,joint enterprise bbc story about murdered jew linked cannabis website
1377,1,new alberta law would make easier for insurance company track driving habit through your phone
3597,0,first true millipede discoverednew specie ha 306 leg
45,1,what say you not comfortable traveling during covid
2168,0,experimental depression treatment nearly effective controlled study
3401,0,fox news forgets washington state senator doug ericksen died instead are redirecting you spoke person for fox news website
3992,0,science fiction maven offer far out homeland security advice
3666,0,man marries sister avail money given marriage scheme
3024,0,fox dropping covid testing option requiring vaccination for worker new york
251,1,kyle rittenhouse claim self defense after shooting juror
3614,0,could oreo cooky solve new york rat problem
864,1,man psyche self watch movie
2592,0,dildo man get going too quickly fails pull out
3492,0,cannibal corpse drummer getting older and playing extreme metal you take day day
534,1,new ford 450 promise make driver look ever tiny
3317,0,tom holland still going spider man after  way home
415,1,fraternity cookout raise over 000 pay medical bill pledge they put coma
2627,0,wife treat like slave almost smothered alleges bengaluru man
2618,0,chubby year old chain smoker who puffed time day look unrecognizable year
3517,0,facebook grant government afghanistan limited posting right
761,1,belarus hijacks plane arrest journalist
2053,0,prince andrew accuser asks him provide medical evidence show can sweat
58,1,ooohhh that sound good  say woman overhearing pharmacy order person before her
76,1,amazonsmile donated more than 000 anti vaccine group 2020
733,1,timeline the louvre
3829,0,eilik little companion bot with endless fun
1839,1,asshole refusing pay reward for lost dog poster specified had alive
124,1,the brutal two year reign bahrain our undercover edge reporter vice parody
203,1,where the rest  scream yale president standing over shaking alumnus fundraiser who didn make quota
3857,0,jakim won raise legal marriage age for muslim most state against minister tell parliament malaysia
2678,0,looking reinstating winston churchill favourite stopped
6,1,man realizes the texas chain saw massacre actually pretty creepy after rewatching adult
439,1,sign  time put your parent nursing home
289,1,smithsonian acquires arm kermit the frog puppeteer
1106,1,free condom harsh reminder sexless existence
1593,1,bowser arrested and charged for selling nintendo switch hack
3997,0,drake make runner slower than any other artist
2907,0,icymi man sleep with woman hour ejaculate over 5ml sperm each round set new world record
222,1,lift travel ban for vaccinated foreigner
573,1,wildlife official restock lake dropping thousand fisherman from plane
2754,0,exclusive polish opposition senator hacked with spyware
80,1,tim duncan claim ha helped over 000 woman with sensible retirement planning
257,1,man who only recently cracked code buck fush still puzzling over let brandon
295,1,woman starting netflix movie horrified realize show
2092,0,nh urge hundred thousand have jabby new year
1545,1,covid safe birthday party
1740,1,the beijing olympics are they trap
2776,0,radioshack building decentralized cryptocurrency exchange
2325,0,british public wrong about nearly everything survey show the independent
3182,0,kid died bouncy house incident while school
3570,0,can make this
2530,0,top upcoming smartphones 2021 price spec launch
2415,0,people complain that people have put too much garbage space
978,1,chauvin defense team praise officer restraint not killing bystander
1171,1,jerry seinfeld destitute after purchasing 950 million car
1727,1, jeez jeez jeez  say eric trump after accidentally bringing father sexual assault victim rnc
857,1,esports themed restaurant owner spend whole life thinking went under because covid
1157,1,biden continues reading the pet goat schoolchildren after being informed gamestop situation
2725,0,synth repairman accidentally get high after touching old lsd vintage 60s synthesizer
3802,0,upvc door repair wakefield
2702,0,finnish santa google search
3722,0,the german experiment that ha intentionally placed homeless kid with pedophile for year
888,1,the top two comment the first onion video
2463,0,theologian dismiss jesus historical figure dismiss history
3873,0,usain bolt mario kart helped become olympic champion
693,1,study two people have listened same band since 2003
1924,1,suburban town devastated after only live performance venue close
178,1,house remove paul gosar from anime and manga committee
2276,0,eric adam launch new nyc office crack down waste fraud
3107,0,joe biden chance getting second term are slim and here why
1557,1,hurry the first 100 oge attendee stop the nintendo booth today will get free sample what pikmin taste like
2801,0,why clint barton deaf hawkeye deaf clint deaf hawkeye
1812,1,hunger strike saving prison cent per inmate
173,1,maryland mayor charged with count distributing revenge porn
2354,0,nerf gun assault escalates into further violence mbta station
3652,0,truth here 770b defense bill includes agency investigate ufo
2337,0,how edit eyebrow like pro
1268,1,upset with son behaviour farmer give half his property his pet dog
3784,0,heavy rain thunder house inside bamboo forest seoul relaxing meditation asmr rain
254,1,everyday benefit ingesting hallucinogen
1871,1,melania trump figure  time sit barron down and tell him wa bred for his organ
2788,0,where doe kingpin get his strength kingpin power marvel
221,1,worst way boomer screwed over millennials
2408,0,suicide bomber were extremely sad that would not get martyred mullah mohammad fazel
2828,0,nigerian snake ate million naira clerk say
1488,1,anxious owner pet dog down hairless stump
3189,0,pfizer funded talk contained untrue information about rival covid vaccine expert say
3402,0,comprehensive guide how american can resist coronavirus shot mandate
3569,0,illinois governor repeal parental notification abortion news
2648,0,federal government threatens crossover service
274,1,facebook prioritized angry emoji reaction over likes news feed
3943,0,wisconsin attorney general won enforce any abortion ban
423,1,
2991,0,year old capitol rioter sentenced three year probation
506,1,ouch
3860,0,finally nicolas cage actually playing nicolas cage
2512,0,today republican call for law mandating steel lined dressing room way curb gun related death
1281,1,press secretary spin wife death positive
549,1,jungle cruise hailed thrilling reminder cancel disney
557,1,conservative blast simone bile for robbing them opportunity criticize her win
218,1,scene from lifting covid travel restriction
3323,0,high election turnout not always good say carrie lam
2481,0,turkey officially change it english name from turkey turkiye
2290,0,lol this isn fucking onion you get hahahahahahahahahahahahahahaha
3426,0,strange droning noise bothering local for year spread village nearby
2111,0,can see possible issue with this
3407,0,local school district relieved tik tok threat national shoot your school day end with shooting
1967,1,christian bale gain 5000 pound play appa avatar the last airbender live action
2046,0,private school say exclusion from state grant discriminatory
175,1,kyle rittenhouse sentenced year cpac appearance
3552,0,trump claim israel controlled congress jew run new york time
2430,0,masked man with crossbow threatens assassinate queen avenge jallianwala bagh massacre arrested
691,1,doctor not going ruin woman day telling her she pregnant
2889,0,china threatens sweep lithuania into garbage bin history mull sanction
903,1,spm
2155,0,ghislaine maxwell new prison will disneyland after new york cell
1395,1,the early christmas decoration police
700,1,man flattered spam caller belief ha car house saving account defraud
1503,1,david blaine wake cold sweat from nightmare which dy natural cause
1480,1,one murdered because this image
1164,1,heartwarming when this subway employee had walk mile work because couldn afford car the ceo subway drove alongside him cheer him
794,1,the last episode the topical
246,1,passenger reminded wait until seat belt sign turned off roundhouse kick flight attendant
3815,0,crowncruiser carbon fiber bike the most stylish bike out there 31mph 100 mile range fully customizable color skin
505,1,middle east conflict intensifies blah blah blah etc etc
3443,0,louisiana judge sorry her family had blast calling burglar the word
949,1,panther adopt patchy haired shivering rescue who spent year abused jet
1765,1,colleague break silence accusing chef gordon ramsay for toxic workplace culture
2494,0,attorney lin wood now blaming deep state for his kid not talking him  threatening even blackmailing 
2631,0,illinois homeless man crushed death inside garbage truck some blame cold weather
219,1,frustrated james harden try draw foul planting gun defender
3101,0,scottish parliament could soon grant pardon witch
2861,0,omicron covid variant why you need watch out for this new symptom
910,1,kanye response divorce filing blatantly sample kim kardashian petition
296,1,female thriller writer who won largest cash award literature revealed men
2148,0,turkey treasury and finance minister nureddin nebati  federal reserve doe not belong the american public but rather the hand families
